{"ph(1).jpg77449":{"filename":"ph(1).jpg","size":77449,"regions":[{"shape_attributes":{"name":"polygon","all_points_x":[151,102,371,420],"all_points_y":[475,928,928,498]},"region_attributes":{"card":"hermit"}}],"file_attributes":{}},"ph(4).jpg19679":{"filename":"ph(4).jpg","size":19679,"regions":[{"shape_attributes":{"name":"polygon","all_points_x":[40,95,243,243,202],"all_points_y":[314,413,316,286,212]},"region_attributes":{"card":"hermit"}},{"shape_attributes":{"name":"polygon","all_points_x":[19,26,199,199],"all_points_y":[224,125,120,224]},"region_attributes":{"card":"fool"}}],"file_attributes":{}},"ph(5).jpg148820":{"filename":"ph(5).jpg","size":148820,"regions":[{"shape_attributes":{"name":"polygon","all_points_x":[117,100,528,523],"all_points_y":[276,519,511,267]},"region_attributes":{"card":"fool"}},{"shape_attributes":{"name":"polygon","all_points_x":[68,104,555,492],"all_points_y":[593,843,761,502]},"region_attributes":{"card":"moderation"}},{"shape_attributes":{"name":"polygon","all_points_x":[81,176,593,489],"all_points_y":[956,1204,1047,795]},"region_attributes":{"card":"hanged"}}],"file_attributes":{}},"ph(8).jpg21294":{"filename":"ph(8).jpg","size":21294,"regions":[{"shape_attributes":{"name":"polygon","all_points_x":[55,40,196,210],"all_points_y":[71,160,174,83]},"region_attributes":{"card":"fortune"}},{"shape_attributes":{"name":"polygon","all_points_x":[26,26,194,184],"all_points_y":[173,270,259,161]},"region_attributes":{"card":"moderation"}},{"shape_attributes":{"name":"polygon","all_points_x":[6,19,183,162],"all_points_y":[301,399,374,272]},"region_attributes":{"card":"hanged"}},{"shape_attributes":{"name":"polygon","all_points_x":[65,236,217,53],"all_points_y":[490,475,365,389]},"region_attributes":{"card":"fool"}}],"file_attributes":{}},"ph(12).jpg22021":{"filename":"ph(12).jpg","size":22021,"regions":[{"shape_attributes":{"name":"polygon","all_points_x":[46,45,225,215],"all_points_y":[52,145,141,36]},"region_attributes":{"card":"fortune"}},{"shape_attributes":{"name":"polygon","all_points_x":[28,25,200,202],"all_points_y":[137,242,241,137]},"region_attributes":{"card":"justice"}},{"shape_attributes":{"name":"polygon","all_points_x":[9,185,170,4],"all_points_y":[376,360,254,274]},"region_attributes":{"card":"hermit"}},{"shape_attributes":{"name":"polygon","all_points_x":[49,234,219,45],"all_points_y":[480,465,346,369]},"region_attributes":{"card":"fool"}}],"file_attributes":{}},"ph(16).jpg18694":{"filename":"ph(16).jpg","size":18694,"regions":[{"shape_attributes":{"name":"polygon","all_points_x":[20,29,194,180],"all_points_y":[115,215,189,92]},"region_attributes":{"card":"hermit"}},{"shape_attributes":{"name":"polygon","all_points_x":[44,65,235,199],"all_points_y":[221,321,270,175]},"region_attributes":{"card":"fool"}},{"shape_attributes":{"name":"polygon","all_points_x":[48,85,243,209],"all_points_y":[334,429,375,276]},"region_attributes":{"card":"hanged"}}],"file_attributes":{}},"ph(17).jpg125177":{"filename":"ph(17).jpg","size":125177,"regions":[{"shape_attributes":{"name":"polygon","all_points_x":[57,23,273,307],"all_points_y":[333,757,771,360]},"region_attributes":{"card":"justice"}},{"shape_attributes":{"name":"polygon","all_points_x":[373,282,523,602],"all_points_y":[295,699,750,350]},"region_attributes":{"card":"fortune"}},{"shape_attributes":{"name":"polygon","all_points_x":[112,140,273,281,555,526],"all_points_y":[960,769,781,733,761,1005]},"region_attributes":{"card":"moderation"}}],"file_attributes":{}},"ph(20).jpg14070":{"filename":"ph(20).jpg","size":14070,"regions":[{"shape_attributes":{"name":"polygon","all_points_x":[19,122,113,6],"all_points_y":[161,167,341,334]},"region_attributes":{"card":"fortune"}},{"shape_attributes":{"name":"polygon","all_points_x":[217,234,129,118],"all_points_y":[154,332,341,169]},"region_attributes":{"card":"moderation"}}],"file_attributes":{}},"ph(24).jpg20338":{"filename":"ph(24).jpg","size":20338,"regions":[{"shape_attributes":{"name":"polygon","all_points_x":[4,30,29,133,188,147,105,0],"all_points_y":[199,241,206,205,166,105,97,171]},"region_attributes":{"card":"moderation"}},{"shape_attributes":{"name":"polygon","all_points_x":[206,203,33,35,72,120],"all_points_y":[303,202,205,292,261,309]},"region_attributes":{"card":"fortune"}},{"shape_attributes":{"name":"polygon","all_points_x":[115,183,68,5],"all_points_y":[443,377,260,322]},"region_attributes":{"card":"hanged"}},{"shape_attributes":{"name":"polygon","all_points_x":[188,97,115,165,240,244,214],"all_points_y":[114,94,2,1,15,64,57]},"region_attributes":{"card":"justice"}}],"file_attributes":{}},"ph(25).jpg91170":{"filename":"ph(25).jpg","size":91170,"regions":[{"shape_attributes":{"name":"polygon","all_points_x":[85,196,96,219,110,0,6],"all_points_y":[220,281,394,510,710,646,367]},"region_attributes":{"card":"justice"}},{"shape_attributes":{"name":"polygon","all_points_x":[384,560,280,98],"all_points_y":[89,254,568,390]},"region_attributes":{"card":"hermit"}},{"shape_attributes":{"name":"polygon","all_points_x":[350,383,315,394,223,129,173],"all_points_y":[534,675,931,954,1011,692,598]},"region_attributes":{"card":"moderation"}},{"shape_attributes":{"name":"polygon","all_points_x":[430,316,560,602,600],"all_points_y":[532,926,1002,860,572]},"region_attributes":{"card":"fortune"}}],"file_attributes":{}},"ph(28).jpg23451":{"filename":"ph(28).jpg","size":23451,"regions":[{"shape_attributes":{"name":"polygon","all_points_x":[89,64,207,226,243,244],"all_points_y":[47,147,183,179,113,82]},"region_attributes":{"card":"hermit"}},{"shape_attributes":{"name":"polygon","all_points_x":[0,88,87,50,0],"all_points_y":[146,156,216,322,319]},"region_attributes":{"card":"moderation"}},{"shape_attributes":{"name":"polygon","all_points_x":[99,52,48,138,195],"all_points_y":[181,320,334,371,219]},"region_attributes":{"card":"fortune"}},{"shape_attributes":{"name":"polygon","all_points_x":[170,168,242,242,202,166,166,196],"all_points_y":[299,350,351,184,186,189,202,215]},"region_attributes":{"card":"fool"}},{"shape_attributes":{"name":"polygon","all_points_x":[60,39,197,216],"all_points_y":[351,452,485,390]},"region_attributes":{"card":"hanged"}}],"file_attributes":{}},"ph(29).jpg132714":{"filename":"ph(29).jpg","size":132714,"regions":[{"shape_attributes":{"name":"polygon","all_points_x":[307,256,192,68,242,490,421],"all_points_y":[371,427,517,685,844,521,462]},"region_attributes":{"card":"fortune"}},{"shape_attributes":{"name":"polygon","all_points_x":[195,135,262,302,415,548,593],"all_points_y":[144,390,421,373,452,464,239]},"region_attributes":{"card":"hermit"}},{"shape_attributes":{"name":"polygon","all_points_x":[4,206,200,62,179,167,4],"all_points_y":[392,409,500,694,802,818,816]},"region_attributes":{"card":"moderation"}},{"shape_attributes":{"name":"polygon","all_points_x":[390,598,604,437,492,390],"all_points_y":[865,865,473,464,531,679]},"region_attributes":{"card":"fool"}},{"shape_attributes":{"name":"polygon","all_points_x":[131,81,483,531],"all_points_y":[888,1138,1219,973]},"region_attributes":{"card":"hanged"}}],"file_attributes":{}},"ph(32).jpg20724":{"filename":"ph(32).jpg","size":20724,"regions":[{"shape_attributes":{"name":"polygon","all_points_x":[55,136,159,96,36,3,-1],"all_points_y":[169,204,213,376,367,354,299]},"region_attributes":{"card":"moderation"}},{"shape_attributes":{"name":"polygon","all_points_x":[26,164,214,230,48],"all_points_y":[135,164,163,63,24]},"region_attributes":{"card":"hermit"}},{"shape_attributes":{"name":"polygon","all_points_x":[142,143,160,145,146,243,244],"all_points_y":[172,199,215,264,357,354,163]},"region_attributes":{"card":"fool"}},{"shape_attributes":{"name":"polygon","all_points_x":[14,32,217,197],"all_points_y":[481,370,403,512]},"region_attributes":{"card":"hanged"}}],"file_attributes":{}},"ph(33).jpg165878":{"filename":"ph(33).jpg","size":165878,"regions":[{"shape_attributes":{"name":"polygon","all_points_x":[83,95,566,547],"all_points_y":[146,430,405,121]},"region_attributes":{"card":"justice"}},{"shape_attributes":{"name":"polygon","all_points_x":[222,377,121,8,4],"all_points_y":[937,515,418,731,865]},"region_attributes":{"card":"moderation"}},{"shape_attributes":{"name":"polygon","all_points_x":[76,25,479,523],"all_points_y":[913,1178,1255,991]},"region_attributes":{"card":"hanged"}},{"shape_attributes":{"name":"polygon","all_points_x":[346,602,602,337,339,381,344],"all_points_y":[871,873,409,417,487,510,637]},"region_attributes":{"card":"fool"}}],"file_attributes":{}},"ph(36).jpg19437":{"filename":"ph(36).jpg","size":19437,"regions":[{"shape_attributes":{"name":"polygon","all_points_x":[45,149,86,2,4],"all_points_y":[181,224,395,364,289]},"region_attributes":{"card":"moderation"}},{"shape_attributes":{"name":"polygon","all_points_x":[47,52,237,225],"all_points_y":[72,187,184,64]},"region_attributes":{"card":"justice"}},{"shape_attributes":{"name":"polygon","all_points_x":[140,137,152,133,125,239,244],"all_points_y":[191,213,224,283,376,385,197]},"region_attributes":{"card":"fool"}}],"file_attributes":{}},"ph(37).jpg130619":{"filename":"ph(37).jpg","size":130619,"regions":[{"shape_attributes":{"name":"polygon","all_points_x":[85,352,187,4,6],"all_points_y":[434,551,985,911,676]},"region_attributes":{"card":"moderation"}},{"shape_attributes":{"name":"polygon","all_points_x":[64,76,555,538],"all_points_y":[155,449,437,138]},"region_attributes":{"card":"justice"}},{"shape_attributes":{"name":"polygon","all_points_x":[331,596,562,280,308,356,323],"all_points_y":[458,479,947,916,692,550,525]},"region_attributes":{"card":"fool"}}],"file_attributes":{}},"ph(40).jpg20870":{"filename":"ph(40).jpg","size":20870,"regions":[{"shape_attributes":{"name":"polygon","all_points_x":[24,34,219,209],"all_points_y":[36,149,135,12]},"region_attributes":{"card":"justice"}},{"shape_attributes":{"name":"polygon","all_points_x":[118,133,242,229,192,179,150],"all_points_y":[331,143,152,345,336,324,327]},"region_attributes":{"card":"fool"}},{"shape_attributes":{"name":"polygon","all_points_x":[2,13,202,182],"all_points_y":[355,465,439,323]},"region_attributes":{"card":"fortune"}}],"file_attributes":{}},"ph(41).jpg101643":{"filename":"ph(41).jpg","size":101643,"regions":[{"shape_attributes":{"name":"polygon","all_points_x":[87,98,574,555],"all_points_y":[104,405,384,102]},"region_attributes":{"card":"justice"}},{"shape_attributes":{"name":"polygon","all_points_x":[335,341,598,596],"all_points_y":[858,388,400,865]},"region_attributes":{"card":"hermit"}},{"shape_attributes":{"name":"polygon","all_points_x":[44,322,322,32],"all_points_y":[417,428,894,882]},"region_attributes":{"card":"hanged"}},{"shape_attributes":{"name":"polygon","all_points_x":[25,49,519,489],"all_points_y":[909,1195,1157,871]},"region_attributes":{"card":"fortune"}}],"file_attributes":{}},"ph(44).jpg19367":{"filename":"ph(44).jpg","size":19367,"regions":[{"shape_attributes":{"name":"polygon","all_points_x":[40,47,239,234],"all_points_y":[155,34,54,181]},"region_attributes":{"card":"justice"}},{"shape_attributes":{"name":"polygon","all_points_x":[8,206,216,16],"all_points_y":[201,182,302,324]},"region_attributes":{"card":"hermit"}},{"shape_attributes":{"name":"polygon","all_points_x":[13,16,214,220,20],"all_points_y":[335,335,320,441,453]},"region_attributes":{"card":"fortune"}}],"file_attributes":{}},"ph(45).jpg106720":{"filename":"ph(45).jpg","size":106720,"regions":[{"shape_attributes":{"name":"polygon","all_points_x":[83,87,49,545,591],"all_points_y":[133,133,443,502,201]},"region_attributes":{"card":"moderation"}},{"shape_attributes":{"name":"polygon","all_points_x":[64,53,549,564],"all_points_y":[534,846,862,551]},"region_attributes":{"card":"fortune"}},{"shape_attributes":{"name":"polygon","all_points_x":[49,85,585,549],"all_points_y":[1147,827,865,1183]},"region_attributes":{"card":"hermit"}}],"file_attributes":{}},"ph(48).jpg21090":{"filename":"ph(48).jpg","size":21090,"regions":[{"shape_attributes":{"name":"polygon","all_points_x":[20,22,228,218],"all_points_y":[71,193,185,64]},"region_attributes":{"card":"fortune"}},{"shape_attributes":{"name":"polygon","all_points_x":[20,36,230,224],"all_points_y":[316,194,219,332]},"region_attributes":{"card":"moderation"}},{"shape_attributes":{"name":"polygon","all_points_x":[10,24,222,210],"all_points_y":[465,341,364,482]},"region_attributes":{"card":"hermit"}}],"file_attributes":{}},"ph(49).jpg124082":{"filename":"ph(49).jpg","size":124082,"regions":[{"shape_attributes":{"name":"polygon","all_points_x":[62,34,545,568],"all_points_y":[112,418,458,150]},"region_attributes":{"card":"fool"}},{"shape_attributes":{"name":"polygon","all_points_x":[42,538,521,15],"all_points_y":[466,500,799,778]},"region_attributes":{"card":"moderation"}},{"shape_attributes":{"name":"polygon","all_points_x":[32,530,490,9],"all_points_y":[824,888,1187,1119]},"region_attributes":{"card":"hermit"}}],"file_attributes":{}},"ph(52).jpg20846":{"filename":"ph(52).jpg","size":20846,"regions":[{"shape_attributes":{"name":"polygon","all_points_x":[28,25,19,231,234],"all_points_y":[53,93,188,194,73]},"region_attributes":{"card":"fool"}},{"shape_attributes":{"name":"polygon","all_points_x":[8,25,234,224],"all_points_y":[311,192,205,327]},"region_attributes":{"card":"hanged"}},{"shape_attributes":{"name":"polygon","all_points_x":[15,227,222,14],"all_points_y":[321,323,452,447]},"region_attributes":{"card":"justice"}}],"file_attributes":{}},"ph(53).jpg134107":{"filename":"ph(53).jpg","size":134107,"regions":[{"shape_attributes":{"name":"polygon","all_points_x":[4,271,288,-2],"all_points_y":[225,225,737,750]},"region_attributes":{"card":"fool"}},{"shape_attributes":{"name":"polygon","all_points_x":[600,311,337,598],"all_points_y":[248,258,769,761]},"region_attributes":{"card":"hanged"}},{"shape_attributes":{"name":"polygon","all_points_x":[9,500,515,8],"all_points_y":[776,776,1081,1098]},"region_attributes":{"card":"justice"}}],"file_attributes":{}},"ph(56).jpg17870":{"filename":"ph(56).jpg","size":17870,"regions":[{"shape_attributes":{"name":"polygon","all_points_x":[3,116,123,5],"all_points_y":[139,135,357,360]},"region_attributes":{"card":"fool"}},{"shape_attributes":{"name":"polygon","all_points_x":[239,126,120,242],"all_points_y":[161,156,375,379]},"region_attributes":{"card":"hanged"}}],"file_attributes":{}},"ph(57).jpg80307":{"filename":"ph(57).jpg","size":80307,"regions":[{"shape_attributes":{"name":"polygon","all_points_x":[72,496,487,61],"all_points_y":[290,307,998,985]},"region_attributes":{"card":"hanged"}}],"file_attributes":{}},"ph(60).jpg16786":{"filename":"ph(60).jpg","size":16786,"regions":[{"shape_attributes":{"name":"polygon","all_points_x":[63,227,172,13],"all_points_y":[130,169,432,395]},"region_attributes":{"card":"fool"}}],"file_attributes":{}},"ph(61).jpg108210":{"filename":"ph(61).jpg","size":108210,"regions":[{"shape_attributes":{"name":"polygon","all_points_x":[184,587,398,0],"all_points_y":[244,369,1047,916]},"region_attributes":{"card":"justice"}}],"file_attributes":{}},"ph(64).jpg12559":{"filename":"ph(64).jpg","size":12559,"regions":[{"shape_attributes":{"name":"polygon","all_points_x":[54,26,199,230],"all_points_y":[102,399,413,124]},"region_attributes":{"card":"fool"}}],"file_attributes":{}},"ph(65).jpg102148":{"filename":"ph(65).jpg","size":102148,"regions":[{"shape_attributes":{"name":"polygon","all_points_x":[233,574,434,49],"all_points_y":[210,311,968,854]},"region_attributes":{"card":"hermit"}}],"file_attributes":{}},"ph(68).jpg14956":{"filename":"ph(68).jpg","size":14956,"regions":[{"shape_attributes":{"name":"polygon","all_points_x":[84,244,179,17],"all_points_y":[65,115,374,336]},"region_attributes":{"card":"moderation"}}],"file_attributes":{}},"ph(69).jpg96712":{"filename":"ph(69).jpg","size":96712,"regions":[{"shape_attributes":{"name":"polygon","all_points_x":[110,504,458,53],"all_points_y":[235,273,915,888]},"region_attributes":{"card":"moderation"}}],"file_attributes":{}},"ph(73).jpg86477":{"filename":"ph(73).jpg","size":86477,"regions":[{"shape_attributes":{"name":"polygon","all_points_x":[89,98,519,568,148],"all_points_y":[258,258,240,930,983]},"region_attributes":{"card":"hermit"}}],"file_attributes":{}},"ph(76).jpg14512":{"filename":"ph(76).jpg","size":14512,"regions":[{"shape_attributes":{"name":"polygon","all_points_x":[19,207,212,28],"all_points_y":[87,87,396,401]},"region_attributes":{"card":"hermit"}}],"file_attributes":{}},"ph(80).jpg11238":{"filename":"ph(80).jpg","size":11238,"regions":[{"shape_attributes":{"name":"polygon","all_points_x":[66,178,196,82],"all_points_y":[177,173,372,381]},"region_attributes":{"card":"fortune"}}],"file_attributes":{}},"ph(81).jpg74155":{"filename":"ph(81).jpg","size":74155,"regions":[{"shape_attributes":{"name":"polygon","all_points_x":[90,583,521,32],"all_points_y":[404,487,790,699]},"region_attributes":{"card":"fortune"}}],"file_attributes":{}},"ph(85).jpg137581":{"filename":"ph(85).jpg","size":137581,"regions":[{"shape_attributes":{"name":"polygon","all_points_x":[17,226,289,81],"all_points_y":[215,167,487,544]},"region_attributes":{"card":"moderation"}},{"shape_attributes":{"name":"polygon","all_points_x":[352,498,536,497,285],"all_points_y":[178,199,209,539,510]},"region_attributes":{"card":"hanged"}},{"shape_attributes":{"name":"polygon","all_points_x":[416,545,729,777,547,537,537,481],"all_points_y":[107,3,4,46,252,242,208,196]},"region_attributes":{"card":"fortune"}},{"shape_attributes":{"name":"polygon","all_points_x":[623,854,984,843,791,735,721,725,663],"all_points_y":[227,28,165,283,261,357,341,287,269]},"region_attributes":{"card":"hermit"}},{"shape_attributes":{"name":"polygon","all_points_x":[957,793,736,729,700,678,750,855],"all_points_y":[340,264,378,389,455,562,597,604]},"region_attributes":{"card":"justice"}},{"shape_attributes":{"name":"polygon","all_points_x":[474,477,495,534,725,671,569],"all_points_y":[578,538,538,249,286,600,597]},"region_attributes":{"card":"fool"}}],"file_attributes":{}},"ph(88).jpg16264":{"filename":"ph(88).jpg","size":16264,"regions":[{"shape_attributes":{"name":"polygon","all_points_x":[38,118,128,46],"all_points_y":[65,60,187,199]},"region_attributes":{"card":"moderation"}},{"shape_attributes":{"name":"polygon","all_points_x":[128,205,242,163],"all_points_y":[194,217,87,67]},"region_attributes":{"card":"hanged"}},{"shape_attributes":{"name":"polygon","all_points_x":[306,235,197,231,278],"all_points_y":[127,106,232,244,243]},"region_attributes":{"card":"fool"}},{"shape_attributes":{"name":"polygon","all_points_x":[314,417,374,274,287,307,306],"all_points_y":[160,95,32,101,122,128,147]},"region_attributes":{"card":"hermit"}},{"shape_attributes":{"name":"polygon","all_points_x":[195,268,312,339,245,241,243,219],"all_points_y":[45,0,0,44,106,101,90,80]},"region_attributes":{"card":"fortune"}}],"file_attributes":{}},"ph(92).jpg19886":{"filename":"ph(92).jpg","size":19886,"regions":[{"shape_attributes":{"name":"polygon","all_points_x":[36,135,158,58],"all_points_y":[60,43,209,225]},"region_attributes":{"card":"hermit"}},{"shape_attributes":{"name":"polygon","all_points_x":[256,253,153,158],"all_points_y":[197,36,35,201]},"region_attributes":{"card":"moderation"}},{"shape_attributes":{"name":"polygon","all_points_x":[272,369,367,270],"all_points_y":[200,199,38,36]},"region_attributes":{"card":"hanged"}},{"shape_attributes":{"name":"polygon","all_points_x":[416,404,504,512],"all_points_y":[214,47,46,212]},"region_attributes":{"card":"fool"}}],"file_attributes":{}},"ph(96).jpg19850":{"filename":"ph(96).jpg","size":19850,"regions":[{"shape_attributes":{"name":"polygon","all_points_x":[60,177,213,146,89],"all_points_y":[61,43,226,242,242]},"region_attributes":{"card":"hermit"}},{"shape_attributes":{"name":"polygon","all_points_x":[200,312,321,315,210],"all_points_y":[29,30,203,217,224]},"region_attributes":{"card":"moderation"}},{"shape_attributes":{"name":"polygon","all_points_x":[332,444,444,333],"all_points_y":[27,26,213,216]},"region_attributes":{"card":"hanged"}}],"file_attributes":{}},"ph(97).jpg130471":{"filename":"ph(97).jpg","size":130471,"regions":[{"shape_attributes":{"name":"polygon","all_points_x":[177,477,565,280],"all_points_y":[80,24,517,578]},"region_attributes":{"card":"hermit"}},{"shape_attributes":{"name":"polygon","all_points_x":[492,783,860,578],"all_points_y":[81,34,505,572]},"region_attributes":{"card":"moderation"}},{"shape_attributes":{"name":"polygon","all_points_x":[866,1135,1168,882],"all_points_y":[107,92,573,589]},"region_attributes":{"card":"fortune"}}],"file_attributes":{}},"ph(100).jpg18581":{"filename":"ph(100).jpg","size":18581,"regions":[{"shape_attributes":{"name":"polygon","all_points_x":[46,169,170,42],"all_points_y":[29,30,226,227]},"region_attributes":{"card":"justice"}},{"shape_attributes":{"name":"polygon","all_points_x":[208,319,282,172],"all_points_y":[233,209,27,48]},"region_attributes":{"card":"hermit"}},{"shape_attributes":{"name":"polygon","all_points_x":[322,432,428,318],"all_points_y":[45,54,237,235]},"region_attributes":{"card":"moderation"}}],"file_attributes":{}},"ph(104).jpg11021":{"filename":"ph(104).jpg","size":11021,"regions":[{"shape_attributes":{"name":"polygon","all_points_x":[223,209,332,349],"all_points_y":[4,207,217,15]},"region_attributes":{"card":"moderation"}}],"file_attributes":{}},"ph(105).jpg79246":{"filename":"ph(105).jpg","size":79246,"regions":[{"shape_attributes":{"name":"polygon","all_points_x":[413,358,829,890],"all_points_y":[132,417,521,222]},"region_attributes":{"card":"moderation"}}],"file_attributes":{}},"ph(108).jpg8763":{"filename":"ph(108).jpg","size":8763,"regions":[{"shape_attributes":{"name":"polygon","all_points_x":[235,343,343,234],"all_points_y":[23,26,204,203]},"region_attributes":{"card":"fool"}}],"file_attributes":{}},"ph(109).jpg80512":{"filename":"ph(109).jpg","size":80512,"regions":[{"shape_attributes":{"name":"polygon","all_points_x":[452,620,947,771],"all_points_y":[327,522,233,43]},"region_attributes":{"card":"fool"}}],"file_attributes":{}},"ph(112).jpg9711":{"filename":"ph(112).jpg","size":9711,"regions":[{"shape_attributes":{"name":"polygon","all_points_x":[179,251,390,320],"all_points_y":[141,224,106,20]},"region_attributes":{"card":"fool"}}],"file_attributes":{}},"ph(113).jpg75768":{"filename":"ph(113).jpg","size":75768,"regions":[{"shape_attributes":{"name":"polygon","all_points_x":[504,480,932,952],"all_points_y":[123,402,447,168]},"region_attributes":{"card":"fool"}}],"file_attributes":{}},"ph(117).jpg76137":{"filename":"ph(117).jpg","size":76137,"regions":[{"shape_attributes":{"name":"polygon","all_points_x":[452,393,850,906],"all_points_y":[133,413,506,222]},"region_attributes":{"card":"fortune"}}],"file_attributes":{}},"ph(120).jpg19118":{"filename":"ph(120).jpg","size":19118,"regions":[{"shape_attributes":{"name":"polygon","all_points_x":[138,105,230,266],"all_points_y":[85,158,211,140]},"region_attributes":{"card":"hanged"}},{"shape_attributes":{"name":"polygon","all_points_x":[162,143,280,300,169],"all_points_y":[5,84,119,34,1]},"region_attributes":{"card":"fortune"}},{"shape_attributes":{"name":"polygon","all_points_x":[302,352,373,446,382],"all_points_y":[44,1,1,104,152]},"region_attributes":{"card":"fool"}},{"shape_attributes":{"name":"polygon","all_points_x":[304,370,311,283,233],"all_points_y":[101,139,243,243,212]},"region_attributes":{"card":"hermit"}}],"file_attributes":{}},"ph(121).jpg117064":{"filename":"ph(121).jpg","size":117064,"regions":[{"shape_attributes":{"name":"polygon","all_points_x":[207,276,665,596,516],"all_points_y":[102,326,199,5,1]},"region_attributes":{"card":"fortune"}},{"shape_attributes":{"name":"polygon","all_points_x":[266,652,689,311],"all_points_y":[338,282,521,578]},"region_attributes":{"card":"hanged"}},{"shape_attributes":{"name":"polygon","all_points_x":[693,918,924,692],"all_points_y":[125,121,514,517]},"region_attributes":{"card":"hermit"}}],"file_attributes":{}},"ph(124).jpg16369":{"filename":"ph(124).jpg","size":16369,"regions":[{"shape_attributes":{"name":"polygon","all_points_x":[93,90,272,279],"all_points_y":[3,104,104,2]},"region_attributes":{"card":"fortune"}},{"shape_attributes":{"name":"polygon","all_points_x":[306,285,453,473],"all_points_y":[4,103,137,39]},"region_attributes":{"card":"hermit"}},{"shape_attributes":{"name":"polygon","all_points_x":[116,287,294,120],"all_points_y":[140,129,232,240]},"region_attributes":{"card":"hanged"}}],"file_attributes":{}},"ph(125).jpg72444":{"filename":"ph(125).jpg","size":72444,"regions":[{"shape_attributes":{"name":"polygon","all_points_x":[528,484,929,975],"all_points_y":[160,426,494,228]},"region_attributes":{"card":"fortune"}}],"file_attributes":{}},"ph(129).jpg67322":{"filename":"ph(129).jpg","size":67322,"regions":[{"shape_attributes":{"name":"polygon","all_points_x":[577,523,803,846],"all_points_y":[38,497,523,76]},"region_attributes":{"card":"fortune"}}],"file_attributes":{}},"ph(133).jpg95361":{"filename":"ph(133).jpg","size":95361,"regions":[{"shape_attributes":{"name":"polygon","all_points_x":[372,384,846,828],"all_points_y":[16,297,266,0]},"region_attributes":{"card":"fortune"}},{"shape_attributes":{"name":"polygon","all_points_x":[455,445,908,901],"all_points_y":[339,603,600,347]},"region_attributes":{"card":"hanged"}}],"file_attributes":{}},"ph(136).jpg8838":{"filename":"ph(136).jpg","size":8838,"regions":[{"shape_attributes":{"name":"polygon","all_points_x":[176,177,357,359],"all_points_y":[87,200,197,91]},"region_attributes":{"card":"hanged"}}],"file_attributes":{}},"ph(137).jpg77808":{"filename":"ph(137).jpg","size":77808,"regions":[{"shape_attributes":{"name":"polygon","all_points_x":[440,452,933,925],"all_points_y":[167,453,440,152]},"region_attributes":{"card":"hanged"}}],"file_attributes":{}},"ph(140).jpg10437":{"filename":"ph(140).jpg","size":10437,"regions":[{"shape_attributes":{"name":"polygon","all_points_x":[160,221,380,324],"all_points_y":[146,50,146,243]},"region_attributes":{"card":"hanged"}}],"file_attributes":{}},"ph(141).jpg90131":{"filename":"ph(141).jpg","size":90131,"regions":[{"shape_attributes":{"name":"polygon","all_points_x":[350,360,956,955],"all_points_y":[107,488,478,112]},"region_attributes":{"card":"hanged"}}],"file_attributes":{}},"ph(144).jpg19136":{"filename":"ph(144).jpg","size":19136,"regions":[{"shape_attributes":{"name":"polygon","all_points_x":[136,205,257,260,274,281,140],"all_points_y":[91,100,99,105,106,25,10]},"region_attributes":{"card":"justice"}},{"shape_attributes":{"name":"polygon","all_points_x":[284,283,329,348,355,388,438,338,329],"all_points_y":[58,64,103,102,126,152,85,1,1]},"region_attributes":{"card":"moderation"}},{"shape_attributes":{"name":"polygon","all_points_x":[267,349,376,328,289],"all_points_y":[115,101,231,242,240]},"region_attributes":{"card":"fool"}},{"shape_attributes":{"name":"polygon","all_points_x":[174,259,269,188],"all_points_y":[105,97,231,236]},"region_attributes":{"card":"hanged"}}],"file_attributes":{}},"ph(145).jpg129230":{"filename":"ph(145).jpg","size":129230,"regions":[{"shape_attributes":{"name":"polygon","all_points_x":[347,328,676,689],"all_points_y":[24,236,259,58]},"region_attributes":{"card":"justice"}},{"shape_attributes":{"name":"polygon","all_points_x":[691,806,843,1079,957],"all_points_y":[151,0,1,203,374]},"region_attributes":{"card":"moderation"}},{"shape_attributes":{"name":"polygon","all_points_x":[655,857,930,831,728],"all_points_y":[297,249,577,599,594]},"region_attributes":{"card":"fool"}},{"shape_attributes":{"name":"polygon","all_points_x":[469,678,635,559,436],"all_points_y":[594,576,261,252,259]},"region_attributes":{"card":"hanged"}}],"file_attributes":{}},"ph(148).jpg17734":{"filename":"ph(148).jpg","size":17734,"regions":[{"shape_attributes":{"name":"polygon","all_points_x":[173,180,354,344],"all_points_y":[9,115,107,3]},"region_attributes":{"card":"moderation"}},{"shape_attributes":{"name":"polygon","all_points_x":[88,207,265,242,66],"all_points_y":[97,117,126,235,202]},"region_attributes":{"card":"justice"}},{"shape_attributes":{"name":"polygon","all_points_x":[265,435,427,260],"all_points_y":[117,128,233,219]},"region_attributes":{"card":"hanged"}}],"file_attributes":{}},"ph(149).jpg72557":{"filename":"ph(149).jpg","size":72557,"regions":[{"shape_attributes":{"name":"polygon","all_points_x":[287,222,656,727],"all_points_y":[225,505,602,350]},"region_attributes":{"card":"justice"}},{"shape_attributes":{"name":"polygon","all_points_x":[520,986,973,522],"all_points_y":[20,31,301,281]},"region_attributes":{"card":"moderation"}}],"file_attributes":{}},"ph(152).jpg15470":{"filename":"ph(152).jpg","size":15470,"regions":[{"shape_attributes":{"name":"polygon","all_points_x":[146,265,228,112],"all_points_y":[14,36,224,203]},"region_attributes":{"card":"justice"}},{"shape_attributes":{"name":"polygon","all_points_x":[312,424,382,270],"all_points_y":[26,54,236,211]},"region_attributes":{"card":"moderation"}}],"file_attributes":{}},"ph(153).jpg129450":{"filename":"ph(153).jpg","size":129450,"regions":[{"shape_attributes":{"name":"polygon","all_points_x":[116,199,511,416],"all_points_y":[83,581,516,34]},"region_attributes":{"card":"moderation"}},{"shape_attributes":{"name":"polygon","all_points_x":[503,794,806,516],"all_points_y":[111,97,586,597]},"region_attributes":{"card":"fortune"}},{"shape_attributes":{"name":"polygon","all_points_x":[825,1103,1100,826],"all_points_y":[92,107,580,581]},"region_attributes":{"card":"fool"}}],"file_attributes":{}},"ph(156).jpg10674":{"filename":"ph(156).jpg","size":10674,"regions":[{"shape_attributes":{"name":"polygon","all_points_x":[214,332,302,185],"all_points_y":[14,32,227,207]},"region_attributes":{"card":"justice"}}],"file_attributes":{}},"ph(157).jpg84748":{"filename":"ph(157).jpg","size":84748,"regions":[{"shape_attributes":{"name":"polygon","all_points_x":[352,263,933,1008],"all_points_y":[67,474,594,196]},"region_attributes":{"card":"justice"}}],"file_attributes":{}},"ph(160).jpg11236":{"filename":"ph(160).jpg","size":11236,"regions":[{"shape_attributes":{"name":"polygon","all_points_x":[183,150,343,375],"all_points_y":[42,156,211,97]},"region_attributes":{"card":"justice"}}],"file_attributes":{}},"ph(164).jpg10352":{"filename":"ph(164).jpg","size":10352,"regions":[{"shape_attributes":{"name":"polygon","all_points_x":[229,353,332,206],"all_points_y":[2,13,220,206]},"region_attributes":{"card":"justice"}}],"file_attributes":{}},"ph(165).jpg114665":{"filename":"ph(165).jpg","size":114665,"regions":[{"shape_attributes":{"name":"polygon","all_points_x":[365,502,1060,904],"all_points_y":[252,582,333,10]},"region_attributes":{"card":"fortune"}}],"file_attributes":{}},"ph(169).jpg80221":{"filename":"ph(169).jpg","size":80221,"regions":[{"shape_attributes":{"name":"polygon","all_points_x":[358,357,314,828,867],"all_points_y":[90,90,398,478,172]},"region_attributes":{"card":"justice"}}],"file_attributes":{}},"ph(172).jpg14017":{"filename":"ph(172).jpg","size":14017,"regions":[{"shape_attributes":{"name":"polygon","all_points_x":[142,201,227,454,384],"all_points_y":[138,3,0,101,243]},"region_attributes":{"card":"moderation"}}],"file_attributes":{}},"ph(173).jpg84525":{"filename":"ph(173).jpg","size":84525,"regions":[{"shape_attributes":{"name":"polygon","all_points_x":[470,763,848,564],"all_points_y":[498,553,61,12]},"region_attributes":{"card":"moderation"}}],"file_attributes":{}},"ph(176).jpg14657":{"filename":"ph(176).jpg","size":14657,"regions":[{"shape_attributes":{"name":"polygon","all_points_x":[179,132,364,413],"all_points_y":[5,146,230,90]},"region_attributes":{"card":"fool"}}],"file_attributes":{}},"ph(177).jpg114021":{"filename":"ph(177).jpg","size":114021,"regions":[{"shape_attributes":{"name":"polygon","all_points_x":[398,606,608,396],"all_points_y":[17,24,378,371]},"region_attributes":{"card":"fortune"}},{"shape_attributes":{"name":"polygon","all_points_x":[623,834,825,613],"all_points_y":[357,358,3,12]},"region_attributes":{"card":"justice"}},{"shape_attributes":{"name":"polygon","all_points_x":[870,1102,1070,844],"all_points_y":[20,45,398,381]},"region_attributes":{"card":"hanged"}},{"shape_attributes":{"name":"polygon","all_points_x":[704,708,1070,1051],"all_points_y":[589,370,400,602]},"region_attributes":{"card":"fool"}},{"shape_attributes":{"name":"polygon","all_points_x":[692,342,332,692],"all_points_y":[386,377,589,596]},"region_attributes":{"card":"moderation"}}],"file_attributes":{}},"ph(180).jpg17318":{"filename":"ph(180).jpg","size":17318,"regions":[{"shape_attributes":{"name":"polygon","all_points_x":[120,105,244,257],"all_points_y":[67,150,171,90]},"region_attributes":{"card":"fortune"}},{"shape_attributes":{"name":"polygon","all_points_x":[259,254,259,387,396],"all_points_y":[169,110,91,70,152]},"region_attributes":{"card":"hanged"}},{"shape_attributes":{"name":"polygon","all_points_x":[227,227,362,366],"all_points_y":[240,176,165,243]},"region_attributes":{"card":"fool"}},{"shape_attributes":{"name":"polygon","all_points_x":[175,179,322,316,275,208],"all_points_y":[73,0,4,81,83,80]},"region_attributes":{"card":"justice"}}],"file_attributes":{}},"ph(181).jpg119724":{"filename":"ph(181).jpg","size":119724,"regions":[{"shape_attributes":{"name":"polygon","all_points_x":[317,522,529,326],"all_points_y":[6,6,350,348]},"region_attributes":{"card":"fool"}},{"shape_attributes":{"name":"polygon","all_points_x":[533,736,743,546],"all_points_y":[23,12,365,363]},"region_attributes":{"card":"moderation"}},{"shape_attributes":{"name":"polygon","all_points_x":[748,946,947,732],"all_points_y":[347,347,1,2]},"region_attributes":{"card":"hermit"}},{"shape_attributes":{"name":"polygon","all_points_x":[311,641,649,327],"all_points_y":[381,371,571,576]},"region_attributes":{"card":"fortune"}},{"shape_attributes":{"name":"polygon","all_points_x":[649,986,980,643],"all_points_y":[417,413,603,602]},"region_attributes":{"card":"hanged"}}],"file_attributes":{}},"ph(184).jpg22237":{"filename":"ph(184).jpg","size":22237,"regions":[{"shape_attributes":{"name":"polygon","all_points_x":[10,39,218,190],"all_points_y":[89,201,151,43]},"region_attributes":{"card":"moderation"}},{"shape_attributes":{"name":"polygon","all_points_x":[2,164,184,166,146,25,2],"all_points_y":[235,179,240,274,304,344,270]},"region_attributes":{"card":"hanged"}},{"shape_attributes":{"name":"polygon","all_points_x":[8,152,181,218,51],"all_points_y":[364,305,320,397,464]},"region_attributes":{"card":"hermit"}}],"file_attributes":{}},"ph(185).jpg144648":{"filename":"ph(185).jpg","size":144648,"regions":[{"shape_attributes":{"name":"polygon","all_points_x":[53,119,201,384,530,464],"all_points_y":[180,426,274,376,339,78]},"region_attributes":{"card":"justice"}},{"shape_attributes":{"name":"polygon","all_points_x":[108,57,473,513],"all_points_y":[824,572,493,737]},"region_attributes":{"card":"fool"}},{"shape_attributes":{"name":"polygon","all_points_x":[99,223,574,483,298],"all_points_y":[919,1136,888,743,784]},"region_attributes":{"card":"fortune"}}],"file_attributes":{}},"ph(188).jpg22052":{"filename":"ph(188).jpg","size":22052,"regions":[{"shape_attributes":{"name":"polygon","all_points_x":[0,99,102,52,102,9],"all_points_y":[76,69,136,195,240,242]},"region_attributes":{"card":"justice"}},{"shape_attributes":{"name":"polygon","all_points_x":[3,100,97,2],"all_points_y":[415,411,241,241]},"region_attributes":{"card":"moderation"}},{"shape_attributes":{"name":"polygon","all_points_x":[242,152,156,243],"all_points_y":[278,276,106,110]},"region_attributes":{"card":"fool"}},{"shape_attributes":{"name":"polygon","all_points_x":[106,159,210,225,123],"all_points_y":[292,287,331,452,465]},"region_attributes":{"card":"hanged"}}],"file_attributes":{}},"ph(189).jpg134866":{"filename":"ph(189).jpg","size":134866,"regions":[{"shape_attributes":{"name":"polygon","all_points_x":[117,358,369,121],"all_points_y":[214,216,610,625]},"region_attributes":{"card":"fool"}},{"shape_attributes":{"name":"polygon","all_points_x":[516,361,369,447,602,598],"all_points_y":[186,246,437,649,587,377]},"region_attributes":{"card":"fortune"}},{"shape_attributes":{"name":"polygon","all_points_x":[378,598,596,507,331,290],"all_points_y":[1094,1034,969,646,692,750]},"region_attributes":{"card":"hermit"}},{"shape_attributes":{"name":"polygon","all_points_x":[15,149,282,328,80],"all_points_y":[682,655,754,1043,1081]},"region_attributes":{"card":"hanged"}}],"file_attributes":{}},"ph(192).jpg21666":{"filename":"ph(192).jpg","size":21666,"regions":[{"shape_attributes":{"name":"polygon","all_points_x":[103,80,173,199],"all_points_y":[155,317,335,174]},"region_attributes":{"card":"moderation"}},{"shape_attributes":{"name":"polygon","all_points_x":[50,144,136,102,87,30],"all_points_y":[67,82,160,155,246,234]},"region_attributes":{"card":"justice"}},{"shape_attributes":{"name":"polygon","all_points_x":[6,89,78,113,123,27],"all_points_y":[255,246,321,328,410,422]},"region_attributes":{"card":"fool"}},{"shape_attributes":{"name":"polygon","all_points_x":[142,238,229,183,175,133],"all_points_y":[450,443,280,285,337,332]},"region_attributes":{"card":"hanged"}}],"file_attributes":{}},"ph(193).jpg108077":{"filename":"ph(193).jpg","size":108077,"regions":[{"shape_attributes":{"name":"polygon","all_points_x":[117,373,318,72],"all_points_y":[133,174,585,551]},"region_attributes":{"card":"justice"}},{"shape_attributes":{"name":"polygon","all_points_x":[8,258,314,62],"all_points_y":[619,577,992,1030]},"region_attributes":{"card":"fool"}},{"shape_attributes":{"name":"polygon","all_points_x":[319,369,367,573,559,307],"all_points_y":[661,664,688,685,1104,1085]},"region_attributes":{"card":"hanged"}}],"file_attributes":{}},"ph(197).jpg124987":{"filename":"ph(197).jpg","size":124987,"regions":[{"shape_attributes":{"name":"polygon","all_points_x":[45,307,326,64],"all_points_y":[286,293,737,746]},"region_attributes":{"card":"justice"}},{"shape_attributes":{"name":"polygon","all_points_x":[123,563,565,136],"all_points_y":[843,834,1102,1127]},"region_attributes":{"card":"hanged"}}],"file_attributes":{}},"ph(200).jpg18552":{"filename":"ph(200).jpg","size":18552,"regions":[{"shape_attributes":{"name":"polygon","all_points_x":[14,123,127,14],"all_points_y":[114,117,302,299]},"region_attributes":{"card":"justice"}},{"shape_attributes":{"name":"polygon","all_points_x":[37,219,218,39],"all_points_y":[345,349,457,457]},"region_attributes":{"card":"hanged"}}],"file_attributes":{}},"ph(201) - копия.jpg138014":{"filename":"ph(201) - копия.jpg","size":138014,"regions":[{"shape_attributes":{"name":"polygon","all_points_x":[441,942,941,439],"all_points_y":[328,322,597,600]},"region_attributes":{"card":"fortune"}}],"file_attributes":{}},"ph(201).jpg101557":{"filename":"ph(201).jpg","size":101557,"regions":[{"shape_attributes":{"name":"polygon","all_points_x":[328,333,598,595],"all_points_y":[345,835,839,345]},"region_attributes":{"card":"fortune"}}],"file_attributes":{}},"ph(204).jpg18327":{"filename":"ph(204).jpg","size":18327,"regions":[{"shape_attributes":{"name":"polygon","all_points_x":[14,129,128,8],"all_points_y":[113,121,322,313]},"region_attributes":{"card":"justice"}},{"shape_attributes":{"name":"polygon","all_points_x":[33,30,232,227],"all_points_y":[360,481,473,364]},"region_attributes":{"card":"hanged"}}],"file_attributes":{}},"ph(205).jpg96977":{"filename":"ph(205).jpg","size":96977,"regions":[{"shape_attributes":{"name":"polygon","all_points_x":[104,340,349,307,42],"all_points_y":[373,415,634,882,827]},"region_attributes":{"card":"moderation"}}],"file_attributes":{}},"ph(208).jpg17157":{"filename":"ph(208).jpg","size":17157,"regions":[{"shape_attributes":{"name":"polygon","all_points_x":[16,216,218,29],"all_points_y":[492,486,371,367]},"region_attributes":{"card":"hermit"}},{"shape_attributes":{"name":"polygon","all_points_x":[135,240,240,136],"all_points_y":[332,333,137,136]},"region_attributes":{"card":"fortune"}}],"file_attributes":{}},"ph(209).jpg83963":{"filename":"ph(209).jpg","size":83963,"regions":[{"shape_attributes":{"name":"polygon","all_points_x":[70,25,420,475,66],"all_points_y":[589,950,1002,666,598]},"region_attributes":{"card":"justice"}}],"file_attributes":{}},"ph(212).jpg14928":{"filename":"ph(212).jpg","size":14928,"regions":[{"shape_attributes":{"name":"polygon","all_points_x":[49,30,194,214],"all_points_y":[135,303,305,155]},"region_attributes":{"card":"justice"}}],"file_attributes":{}},"ph(213).jpg80213":{"filename":"ph(213).jpg","size":80213,"regions":[{"shape_attributes":{"name":"polygon","all_points_x":[61,533,499,42],"all_points_y":[256,312,669,626]},"region_attributes":{"card":"hanged"}}],"file_attributes":{}},"ph(216).jpg16333":{"filename":"ph(216).jpg","size":16333,"regions":[{"shape_attributes":{"name":"polygon","all_points_x":[66,155,240,160,105],"all_points_y":[322,417,326,230,288]},"region_attributes":{"card":"fortune"}}],"file_attributes":{}},"ph(217).jpg97792":{"filename":"ph(217).jpg","size":97792,"regions":[{"shape_attributes":{"name":"polygon","all_points_x":[5,262,273,5],"all_points_y":[471,488,845,824]},"region_attributes":{"card":"fortune"}}],"file_attributes":{}},"ph(220).jpg15410":{"filename":"ph(220).jpg","size":15410,"regions":[{"shape_attributes":{"name":"polygon","all_points_x":[49,41,198,206,119],"all_points_y":[300,411,419,300,301]},"region_attributes":{"card":"hermit"}}],"file_attributes":{}},"ph(224).jpg17446":{"filename":"ph(224).jpg","size":17446,"regions":[{"shape_attributes":{"name":"polygon","all_points_x":[33,33,208,210],"all_points_y":[294,435,431,287]},"region_attributes":{"card":"moderation"}}],"file_attributes":{}},"ph(225).jpg91011":{"filename":"ph(225).jpg","size":91011,"regions":[{"shape_attributes":{"name":"polygon","all_points_x":[151,146,561,576],"all_points_y":[295,621,605,312]},"region_attributes":{"card":"moderation"}}],"file_attributes":{}},"ph(228).jpg17561":{"filename":"ph(228).jpg","size":17561,"regions":[{"shape_attributes":{"name":"polygon","all_points_x":[56,59,206,200],"all_points_y":[282,413,405,280]},"region_attributes":{"card":"fool"}}],"file_attributes":{}},"ph(229).jpg115007":{"filename":"ph(229).jpg","size":115007,"regions":[{"shape_attributes":{"name":"polygon","all_points_x":[111,138,510,488],"all_points_y":[352,661,627,321]},"region_attributes":{"card":"fool"}}],"file_attributes":{}},"ph(232).jpg15011":{"filename":"ph(232).jpg","size":15011,"regions":[{"shape_attributes":{"name":"polygon","all_points_x":[42,44,206,209],"all_points_y":[129,274,266,130]},"region_attributes":{"card":"hanged"}}],"file_attributes":{}},"ph(233).jpg111371":{"filename":"ph(233).jpg","size":111371,"regions":[{"shape_attributes":{"name":"polygon","all_points_x":[541,508,297,334,356,216,219,315],"all_points_y":[894,326,333,659,879,904,919,913]},"region_attributes":{"card":"fool"}}],"file_attributes":{}},"ph(236).jpg19497":{"filename":"ph(236).jpg","size":19497,"regions":[{"shape_attributes":{"name":"polygon","all_points_x":[19,87,86,2,1],"all_points_y":[107,117,397,396,327]},"region_attributes":{"card":"fortune"}}],"file_attributes":{}},"ph(240).jpg14537":{"filename":"ph(240).jpg","size":14537,"regions":[{"shape_attributes":{"name":"polygon","all_points_x":[17,112,106,25],"all_points_y":[112,112,357,357]},"region_attributes":{"card":"hermit"}}],"file_attributes":{}},"ph(244).jpg13489":{"filename":"ph(244).jpg","size":13489,"regions":[{"shape_attributes":{"name":"polygon","all_points_x":[19,74,79,13],"all_points_y":[111,112,384,384]},"region_attributes":{"card":"justice"}}],"file_attributes":{}},"ph1(1).jpg107037":{"filename":"ph1(1).jpg","size":107037,"regions":[{"shape_attributes":{"name":"polygon","all_points_x":[322,350,796,774],"all_points_y":[369,89,147,433]},"region_attributes":{"card":"hermit"}}],"file_attributes":{}},"ph1(2).jpg46993":{"filename":"ph1(2).jpg","size":46993,"regions":[{"shape_attributes":{"name":"polygon","all_points_x":[106,202,237,300,208],"all_points_y":[89,241,242,199,35]},"region_attributes":{"card":"hermit"}},{"shape_attributes":{"name":"polygon","all_points_x":[287,390,399,293],"all_points_y":[15,17,201,209]},"region_attributes":{"card":"hanged"}}],"file_attributes":{}},"ph1(3).jpg196875":{"filename":"ph1(3).jpg","size":196875,"regions":[{"shape_attributes":{"name":"polygon","all_points_x":[68,332,484,219],"all_points_y":[168,74,495,599]},"region_attributes":{"card":"hanged"}},{"shape_attributes":{"name":"polygon","all_points_x":[433,685,760,521],"all_points_y":[103,57,484,544]},"region_attributes":{"card":"moderation"}},{"shape_attributes":{"name":"polygon","all_points_x":[762,1004,1012,760],"all_points_y":[93,110,531,534]},"region_attributes":{"card":"fool"}}],"file_attributes":{}},"ph1(4).jpg49131":{"filename":"ph1(4).jpg","size":49131,"regions":[{"shape_attributes":{"name":"polygon","all_points_x":[26,132,149,47],"all_points_y":[61,53,223,233]},"region_attributes":{"card":"fool"}},{"shape_attributes":{"name":"polygon","all_points_x":[118,226,247,149],"all_points_y":[16,4,163,181]},"region_attributes":{"card":"hanged"}},{"shape_attributes":{"name":"polygon","all_points_x":[249,352,348,254],"all_points_y":[22,27,192,193]},"region_attributes":{"card":"moderation"}},{"shape_attributes":{"name":"polygon","all_points_x":[364,452,437,346],"all_points_y":[34,54,217,201]},"region_attributes":{"card":"fortune"}}],"file_attributes":{}},"ph1(5).jpg141268":{"filename":"ph1(5).jpg","size":141268,"regions":[{"shape_attributes":{"name":"polygon","all_points_x":[71,311,385,129],"all_points_y":[172,141,528,585]},"region_attributes":{"card":"fool"}},{"shape_attributes":{"name":"polygon","all_points_x":[293,514,594,374],"all_points_y":[69,24,398,463]},"region_attributes":{"card":"hermit"}},{"shape_attributes":{"name":"polygon","all_points_x":[578,812,846,624],"all_points_y":[60,46,442,464]},"region_attributes":{"card":"moderation"}},{"shape_attributes":{"name":"polygon","all_points_x":[849,1073,1054,842],"all_points_y":[81,107,478,459]},"region_attributes":{"card":"fortune"}}],"file_attributes":{}},"ph1(7).jpg175075":{"filename":"ph1(7).jpg","size":175075,"regions":[{"shape_attributes":{"name":"polygon","all_points_x":[172,448,520,241],"all_points_y":[103,69,501,548]},"region_attributes":{"card":"moderation"}},{"shape_attributes":{"name":"polygon","all_points_x":[528,783,788,789,763,816,537],"all_points_y":[113,111,151,161,177,551,563]},"region_attributes":{"card":"justice"}},{"shape_attributes":{"name":"polygon","all_points_x":[1011,1065,818,763],"all_points_y":[143,575,602,154]},"region_attributes":{"card":"fortune"}}],"file_attributes":{}},"ph1(8).jpg45310":{"filename":"ph1(8).jpg","size":45310,"regions":[{"shape_attributes":{"name":"polygon","all_points_x":[92,190,239,139],"all_points_y":[79,47,210,241]},"region_attributes":{"card":"hanged"}},{"shape_attributes":{"name":"polygon","all_points_x":[202,299,345,245],"all_points_y":[64,35,204,232]},"region_attributes":{"card":"fool"}},{"shape_attributes":{"name":"polygon","all_points_x":[307,404,430,342,330,312],"all_points_y":[25,19,182,193,149,71]},"region_attributes":{"card":"hermit"}}],"file_attributes":{}},"ph1(9).jpg167394":{"filename":"ph1(9).jpg","size":167394,"regions":[{"shape_attributes":{"name":"polygon","all_points_x":[319,512,505,553,525,269],"all_points_y":[108,137,273,286,560,533]},"region_attributes":{"card":"moderation"}},{"shape_attributes":{"name":"polygon","all_points_x":[984,573,520,855,943],"all_points_y":[361,271,540,602,591]},"region_attributes":{"card":"fortune"}},{"shape_attributes":{"name":"polygon","all_points_x":[516,952,917,503],"all_points_y":[26,60,314,277]},"region_attributes":{"card":"justice"}}],"file_attributes":{}},"ph1(10).jpg38386":{"filename":"ph1(10).jpg","size":38386,"regions":[{"shape_attributes":{"name":"polygon","all_points_x":[180,358,352,178],"all_points_y":[4,15,117,115]},"region_attributes":{"card":"fortune"}},{"shape_attributes":{"name":"polygon","all_points_x":[186,183,352,359],"all_points_y":[230,125,116,224]},"region_attributes":{"card":"moderation"}}],"file_attributes":{}},"ph1(11).jpg96864":{"filename":"ph1(11).jpg","size":96864,"regions":[{"shape_attributes":{"name":"polygon","all_points_x":[382,377,808,810],"all_points_y":[42,314,304,44]},"region_attributes":{"card":"fortune"}},{"shape_attributes":{"name":"polygon","all_points_x":[377,409,473,843,804],"all_points_y":[348,587,602,540,306]},"region_attributes":{"card":"moderation"}}],"file_attributes":{}},"ph1(12).jpg47669":{"filename":"ph1(12).jpg","size":47669,"regions":[{"shape_attributes":{"name":"polygon","all_points_x":[67,138,264,198,174],"all_points_y":[106,185,61,2,3]},"region_attributes":{"card":"hanged"}},{"shape_attributes":{"name":"polygon","all_points_x":[313,238,263,209,208,322,316],"all_points_y":[30,33,67,122,209,202,26]},"region_attributes":{"card":"fortune"}},{"shape_attributes":{"name":"polygon","all_points_x":[323,352,413,420,351,320,280,317],"all_points_y":[156,202,154,102,3,4,29,29]},"region_attributes":{"card":"moderation"}},{"shape_attributes":{"name":"polygon","all_points_x":[427,519,503,459,467,407],"all_points_y":[90,116,237,237,218,186]},"region_attributes":{"card":"justice"}}],"file_attributes":{}},"ph1(13).jpg124061":{"filename":"ph1(13).jpg","size":124061,"regions":[{"shape_attributes":{"name":"polygon","all_points_x":[341,273,388,709,747],"all_points_y":[314,575,599,604,422]},"region_attributes":{"card":"fortune"}},{"shape_attributes":{"name":"polygon","all_points_x":[258,563,636,700,750,638,339,317],"all_points_y":[228,121,162,207,351,387,308,387]},"region_attributes":{"card":"moderation"}},{"shape_attributes":{"name":"polygon","all_points_x":[552,562,742,787,873,996,1069,913,620],"all_points_y":[108,114,228,194,96,188,80,3,1]},"region_attributes":{"card":"justice"}},{"shape_attributes":{"name":"polygon","all_points_x":[750,726,877,1198,1014],"all_points_y":[327,259,99,374,575]},"region_attributes":{"card":"hermit"}}],"file_attributes":{}},"ph1(15).jpg177056":{"filename":"ph1(15).jpg","size":177056,"regions":[{"shape_attributes":{"name":"polygon","all_points_x":[135,386,307,54],"all_points_y":[66,123,539,495]},"region_attributes":{"card":"hanged"}},{"shape_attributes":{"name":"polygon","all_points_x":[428,472,583,909,817,758],"all_points_y":[255,200,55,309,416,502]},"region_attributes":{"card":"fortune"}},{"shape_attributes":{"name":"polygon","all_points_x":[405,404,584,761,815,818],"all_points_y":[600,389,386,497,445,603]},"region_attributes":{"card":"fool"}},{"shape_attributes":{"name":"polygon","all_points_x":[1026,811,814,903,861,890,1133,1042],"all_points_y":[591,541,452,306,261,136,195,589]},"region_attributes":{"card":"hermit"}},{"shape_attributes":{"name":"polygon","all_points_x":[465,452,479,581,804,872,888],"all_points_y":[1,196,192,59,211,215,4]},"region_attributes":{"card":"moderation"}}],"file_attributes":{}},"ph1(16).jpg48260":{"filename":"ph1(16).jpg","size":48260,"regions":[{"shape_attributes":{"name":"polygon","all_points_x":[38,150,118,8],"all_points_y":[12,32,219,195]},"region_attributes":{"card":"hanged"}},{"shape_attributes":{"name":"polygon","all_points_x":[304,247,142,153,168,223,355],"all_points_y":[155,136,98,36,2,2,51]},"region_attributes":{"card":"moderation"}},{"shape_attributes":{"name":"polygon","all_points_x":[379,343,459,499],"all_points_y":[23,210,231,43]},"region_attributes":{"card":"hermit"}},{"shape_attributes":{"name":"polygon","all_points_x":[162,160,249,308,319,350,350,342,353,350],"all_points_y":[243,146,144,158,143,138,158,212,213,244]},"region_attributes":{"card":"fool"}}],"file_attributes":{}},"ph1(17).jpg219231":{"filename":"ph1(17).jpg","size":219231,"regions":[{"shape_attributes":{"name":"polygon","all_points_x":[94,377,304,24],"all_points_y":[27,75,539,489]},"region_attributes":{"card":"hanged"}},{"shape_attributes":{"name":"polygon","all_points_x":[763,351,412,559,846,848],"all_points_y":[373,222,4,5,114,172]},"region_attributes":{"card":"moderation"}},{"shape_attributes":{"name":"polygon","all_points_x":[846,1134,1154,880],"all_points_y":[97,85,545,558]},"region_attributes":{"card":"justice"}},{"shape_attributes":{"name":"polygon","all_points_x":[397,402,870,859,791,765,599],"all_points_y":[343,600,603,347,341,375,332]},"region_attributes":{"card":"fool"}}],"file_attributes":{}},"ph1(18).jpg46196":{"filename":"ph1(18).jpg","size":46196,"regions":[{"shape_attributes":{"name":"polygon","all_points_x":[123,149,207,331,299,243],"all_points_y":[87,3,0,44,140,133]},"region_attributes":{"card":"moderation"}},{"shape_attributes":{"name":"polygon","all_points_x":[148,136,322,332],"all_points_y":[124,234,243,144]},"region_attributes":{"card":"fool"}},{"shape_attributes":{"name":"polygon","all_points_x":[330,443,451,335],"all_points_y":[43,45,227,232]},"region_attributes":{"card":"justice"}}],"file_attributes":{}},"ph1(19).jpg174478":{"filename":"ph1(19).jpg","size":174478,"regions":[{"shape_attributes":{"name":"polygon","all_points_x":[295,352,614,704,747,832,734],"all_points_y":[184,2,4,94,54,89,348]},"region_attributes":{"card":"moderation"}},{"shape_attributes":{"name":"polygon","all_points_x":[355,540,721,747,824,805,338],"all_points_y":[277,293,349,320,327,599,567]},"region_attributes":{"card":"fool"}},{"shape_attributes":{"name":"polygon","all_points_x":[829,1120,1139,842],"all_points_y":[85,70,537,559]},"region_attributes":{"card":"justice"}}],"file_attributes":{}},"ph1(20).jpg48355":{"filename":"ph1(20).jpg","size":48355,"regions":[{"shape_attributes":{"name":"polygon","all_points_x":[54,165,193,77],"all_points_y":[16,3,187,201]},"region_attributes":{"card":"fortune"}},{"shape_attributes":{"name":"polygon","all_points_x":[374,187,194,178,172,366],"all_points_y":[131,122,186,188,236,243]},"region_attributes":{"card":"fool"}},{"shape_attributes":{"name":"polygon","all_points_x":[384,497,484,365],"all_points_y":[227,216,26,36]},"region_attributes":{"card":"justice"}}],"file_attributes":{}},"ph1(21).jpg136847":{"filename":"ph1(21).jpg","size":136847,"regions":[{"shape_attributes":{"name":"polygon","all_points_x":[78,381,403,102],"all_points_y":[51,27,502,529]},"region_attributes":{"card":"fortune"}},{"shape_attributes":{"name":"polygon","all_points_x":[417,902,887,417],"all_points_y":[333,343,602,596]},"region_attributes":{"card":"hermit"}},{"shape_attributes":{"name":"polygon","all_points_x":[850,390,388,861],"all_points_y":[322,314,43,51]},"region_attributes":{"card":"hanged"}},{"shape_attributes":{"name":"polygon","all_points_x":[875,1178,1176,892],"all_points_y":[98,92,574,574]},"region_attributes":{"card":"justice"}}],"file_attributes":{}},"ph1(22).jpg46311":{"filename":"ph1(22).jpg","size":46311,"regions":[{"shape_attributes":{"name":"polygon","all_points_x":[62,186,200,82],"all_points_y":[21,14,207,215]},"region_attributes":{"card":"fortune"}},{"shape_attributes":{"name":"polygon","all_points_x":[198,202,316,335,217],"all_points_y":[19,19,9,212,217]},"region_attributes":{"card":"hermit"}},{"shape_attributes":{"name":"polygon","all_points_x":[364,490,466,344],"all_points_y":[37,52,241,234]},"region_attributes":{"card":"justice"}}],"file_attributes":{}},"ph1(23).jpg143275":{"filename":"ph1(23).jpg","size":143275,"regions":[{"shape_attributes":{"name":"polygon","all_points_x":[114,435,392,93],"all_points_y":[53,78,583,562]},"region_attributes":{"card":"hermit"}},{"shape_attributes":{"name":"polygon","all_points_x":[411,438,747,727],"all_points_y":[561,39,64,567]},"region_attributes":{"card":"fortune"}},{"shape_attributes":{"name":"polygon","all_points_x":[768,833,1172,1086],"all_points_y":[549,33,81,593]},"region_attributes":{"card":"moderation"}}],"file_attributes":{}},"ph1(24).jpg49252":{"filename":"ph1(24).jpg","size":49252,"regions":[{"shape_attributes":{"name":"polygon","all_points_x":[53,175,159,32],"all_points_y":[3,17,222,211]},"region_attributes":{"card":"hermit"}},{"shape_attributes":{"name":"polygon","all_points_x":[176,202,328,305],"all_points_y":[220,16,30,236]},"region_attributes":{"card":"moderation"}},{"shape_attributes":{"name":"polygon","all_points_x":[334,329,455,462],"all_points_y":[223,23,23,229]},"region_attributes":{"card":"fortune"}}],"file_attributes":{}},"ph1(25).jpg165091":{"filename":"ph1(25).jpg","size":165091,"regions":[{"shape_attributes":{"name":"polygon","all_points_x":[159,159,94,400,472],"all_points_y":[10,11,497,546,26]},"region_attributes":{"card":"hermit"}},{"shape_attributes":{"name":"polygon","all_points_x":[511,817,770,461],"all_points_y":[22,37,549,531]},"region_attributes":{"card":"moderation"}},{"shape_attributes":{"name":"polygon","all_points_x":[853,805,1115,1170],"all_points_y":[26,553,565,37]},"region_attributes":{"card":"fool"}}],"file_attributes":{}},"ph1(26).jpg48393":{"filename":"ph1(26).jpg","size":48393,"regions":[{"shape_attributes":{"name":"polygon","all_points_x":[75,80,207,199,65],"all_points_y":[9,16,21,226,224]},"region_attributes":{"card":"justice"}},{"shape_attributes":{"name":"polygon","all_points_x":[317,332,206,194],"all_points_y":[230,19,11,223]},"region_attributes":{"card":"hanged"}},{"shape_attributes":{"name":"polygon","all_points_x":[447,322,339,463],"all_points_y":[237,230,21,29]},"region_attributes":{"card":"fool"}}],"file_attributes":{}},"ph1(27).jpg178530":{"filename":"ph1(27).jpg","size":178530,"regions":[{"shape_attributes":{"name":"polygon","all_points_x":[189,185,494,503],"all_points_y":[514,3,5,496]},"region_attributes":{"card":"justice"}},{"shape_attributes":{"name":"polygon","all_points_x":[512,519,1027,1037],"all_points_y":[602,334,324,596]},"region_attributes":{"card":"hanged"}},{"shape_attributes":{"name":"polygon","all_points_x":[1053,1058,532,531],"all_points_y":[1,280,295,2]},"region_attributes":{"card":"fool"}}],"file_attributes":{}},"ph1(29).jpg109839":{"filename":"ph1(29).jpg","size":109839,"regions":[{"shape_attributes":{"name":"polygon","all_points_x":[299,295,990,988],"all_points_y":[57,496,501,75]},"region_attributes":{"card":"hanged"}}],"file_attributes":{}},"ph1(30).jpg42486":{"filename":"ph1(30).jpg","size":42486,"regions":[{"shape_attributes":{"name":"polygon","all_points_x":[119,84,357,399],"all_points_y":[11,191,231,53]},"region_attributes":{"card":"fool"}}],"file_attributes":{}},"ph1(31).jpg145072":{"filename":"ph1(31).jpg","size":145072,"regions":[{"shape_attributes":{"name":"polygon","all_points_x":[363,362,225,901,1041],"all_points_y":[4,6,399,585,182]},"region_attributes":{"card":"justice"}}],"file_attributes":{}},"ph1(32).jpg35628":{"filename":"ph1(32).jpg","size":35628,"regions":[{"shape_attributes":{"name":"polygon","all_points_x":[115,102,409,428],"all_points_y":[19,214,233,39]},"region_attributes":{"card":"fool"}}],"file_attributes":{}},"ph1(33).jpg135590":{"filename":"ph1(33).jpg","size":135590,"regions":[{"shape_attributes":{"name":"polygon","all_points_x":[419,315,960,1066],"all_points_y":[27,473,593,214]},"region_attributes":{"card":"hermit"}}],"file_attributes":{}},"ph1(34).jpg39906":{"filename":"ph1(34).jpg","size":39906,"regions":[{"shape_attributes":{"name":"polygon","all_points_x":[170,142,406,458],"all_points_y":[12,187,242,80]},"region_attributes":{"card":"moderation"}}],"file_attributes":{}},"ph1(35).jpg131360":{"filename":"ph1(35).jpg","size":131360,"regions":[{"shape_attributes":{"name":"polygon","all_points_x":[383,354,1025,1046],"all_points_y":[56,460,502,98]},"region_attributes":{"card":"moderation"}}],"file_attributes":{}},"ph1(36).jpg39515":{"filename":"ph1(36).jpg","size":39515,"regions":[{"shape_attributes":{"name":"polygon","all_points_x":[133,120,429,445],"all_points_y":[10,199,227,32]},"region_attributes":{"card":"hanged"}}],"file_attributes":{}},"ph1(37).jpg116422":{"filename":"ph1(37).jpg","size":116422,"regions":[{"shape_attributes":{"name":"polygon","all_points_x":[343,291,1031,1051],"all_points_y":[592,155,80,526]},"region_attributes":{"card":"hermit"}}],"file_attributes":{}},"ph1(38).jpg39363":{"filename":"ph1(38).jpg","size":39363,"regions":[{"shape_attributes":{"name":"polygon","all_points_x":[116,114,453,442],"all_points_y":[20,223,211,3]},"region_attributes":{"card":"hermit"}}],"file_attributes":{}},"ph1(39).jpg132236":{"filename":"ph1(39).jpg","size":132236,"regions":[{"shape_attributes":{"name":"polygon","all_points_x":[400,240,732,842,1019,472],"all_points_y":[6,333,597,599,263,5]},"region_attributes":{"card":"fortune"}}],"file_attributes":{}},"ph1(41).jpg105943":{"filename":"ph1(41).jpg","size":105943,"regions":[{"shape_attributes":{"name":"polygon","all_points_x":[578,495,801,878],"all_points_y":[36,528,583,87]},"region_attributes":{"card":"fortune"}}],"file_attributes":{}},"ph1(42).jpg50809":{"filename":"ph1(42).jpg","size":50809,"regions":[{"shape_attributes":{"name":"polygon","all_points_x":[20,132,98,-1,4],"all_points_y":[264,320,385,339,303]},"region_attributes":{"card":"justice"}},{"shape_attributes":{"name":"polygon","all_points_x":[0,102,145,24],"all_points_y":[249,307,232,174]},"region_attributes":{"card":"fool"}},{"shape_attributes":{"name":"polygon","all_points_x":[163,226,154,103],"all_points_y":[394,344,252,299]},"region_attributes":{"card":"hermit"}},{"shape_attributes":{"name":"polygon","all_points_x":[243,216,136,202,240],"all_points_y":[295,317,221,173,233]},"region_attributes":{"card":"fortune"}},{"shape_attributes":{"name":"polygon","all_points_x":[114,184,173,96,107],"all_points_y":[207,204,71,72,203]},"region_attributes":{"card":"hanged"}},{"shape_attributes":{"name":"polygon","all_points_x":[39,5,93,155,60],"all_points_y":[114,151,253,193,93]},"region_attributes":{"card":"moderation"}}],"file_attributes":{}},"ph1(43).jpg206068":{"filename":"ph1(43).jpg","size":206068,"regions":[{"shape_attributes":{"name":"polygon","all_points_x":[55,110,441,390],"all_points_y":[81,278,214,11]},"region_attributes":{"card":"moderation"}},{"shape_attributes":{"name":"polygon","all_points_x":[85,428,392,66],"all_points_y":[290,343,549,496]},"region_attributes":{"card":"hanged"}},{"shape_attributes":{"name":"polygon","all_points_x":[598,500,352,540,591],"all_points_y":[540,398,547,776,738]},"region_attributes":{"card":"fortune"}},{"shape_attributes":{"name":"polygon","all_points_x":[576,382,235,434],"all_points_y":[852,612,744,985]},"region_attributes":{"card":"hermit"}},{"shape_attributes":{"name":"polygon","all_points_x":[265,358,62,6,4],"all_points_y":[960,774,644,759,850]},"region_attributes":{"card":"justice"}},{"shape_attributes":{"name":"polygon","all_points_x":[6,314,348,23],"all_points_y":[672,719,517,460]},"region_attributes":{"card":"fool"}}],"file_attributes":{}},"ph1(45).jpg190393":{"filename":"ph1(45).jpg","size":190393,"regions":[{"shape_attributes":{"name":"polygon","all_points_x":[225,375,235,229,106,0,8],"all_points_y":[119,250,417,404,487,382,339]},"region_attributes":{"card":"moderation"}},{"shape_attributes":{"name":"polygon","all_points_x":[596,568,258,341,602],"all_points_y":[500,579,454,271,373]},"region_attributes":{"card":"fortune"}},{"shape_attributes":{"name":"polygon","all_points_x":[602,303,287,235,547],"all_points_y":[619,511,581,710,816]},"region_attributes":{"card":"hermit"}},{"shape_attributes":{"name":"polygon","all_points_x":[254,159,458,545],"all_points_y":[1123,941,788,966]},"region_attributes":{"card":"fool"}},{"shape_attributes":{"name":"polygon","all_points_x":[6,72,254,300,219,6],"all_points_y":[702,786,644,527,415,572]},"region_attributes":{"card":"hanged"}}],"file_attributes":{}},"ph1(46).jpg51239":{"filename":"ph1(46).jpg","size":51239,"regions":[{"shape_attributes":{"name":"polygon","all_points_x":[12,14,182,183],"all_points_y":[3,32,37,1]},"region_attributes":{"card":"fortune"}},{"shape_attributes":{"name":"polygon","all_points_x":[18,35,199,182],"all_points_y":[59,157,132,34]},"region_attributes":{"card":"hermit"}},{"shape_attributes":{"name":"polygon","all_points_x":[43,208,206,43],"all_points_y":[255,254,147,154]},"region_attributes":{"card":"moderation"}},{"shape_attributes":{"name":"polygon","all_points_x":[42,44,210,208,47],"all_points_y":[271,271,269,370,373]},"region_attributes":{"card":"hanged"}},{"shape_attributes":{"name":"polygon","all_points_x":[29,195,196,37],"all_points_y":[415,406,502,512]},"region_attributes":{"card":"fool"}}],"file_attributes":{}},"ph1(48).jpg51049":{"filename":"ph1(48).jpg","size":51049,"regions":[{"shape_attributes":{"name":"polygon","all_points_x":[3,192,206,16,2],"all_points_y":[92,53,177,210,134]},"region_attributes":{"card":"hermit"}},{"shape_attributes":{"name":"polygon","all_points_x":[30,23,216,216],"all_points_y":[323,210,199,315]},"region_attributes":{"card":"moderation"}},{"shape_attributes":{"name":"polygon","all_points_x":[29,219,217,35],"all_points_y":[337,329,437,442]},"region_attributes":{"card":"hanged"}},{"shape_attributes":{"name":"polygon","all_points_x":[26,23,196,199],"all_points_y":[520,487,476,520]},"region_attributes":{"card":"fool"}}],"file_attributes":{}},"ph1(49).jpg192855":{"filename":"ph1(49).jpg","size":192855,"regions":[{"shape_attributes":{"name":"polygon","all_points_x":[28,85,541,538,567,521],"all_points_y":[263,562,480,447,442,163]},"region_attributes":{"card":"hermit"}},{"shape_attributes":{"name":"polygon","all_points_x":[72,32,521,577],"all_points_y":[865,568,491,778]},"region_attributes":{"card":"moderation"}},{"shape_attributes":{"name":"polygon","all_points_x":[10,492,499,34],"all_points_y":[880,854,1132,1159]},"region_attributes":{"card":"fortune"}}],"file_attributes":{}},"ph1(50).jpg48716":{"filename":"ph1(50).jpg","size":48716,"regions":[{"shape_attributes":{"name":"polygon","all_points_x":[15,20,222,214],"all_points_y":[43,171,169,45]},"region_attributes":{"card":"justice"}},{"shape_attributes":{"name":"polygon","all_points_x":[37,4,195,217],"all_points_y":[318,205,173,285]},"region_attributes":{"card":"hermit"}},{"shape_attributes":{"name":"polygon","all_points_x":[194,185,6,8,189],"all_points_y":[325,324,316,430,430]},"region_attributes":{"card":"moderation"}}],"file_attributes":{}},"ph1(52).jpg37225":{"filename":"ph1(52).jpg","size":37225,"regions":[{"shape_attributes":{"name":"polygon","all_points_x":[36,29,229,237],"all_points_y":[209,330,347,222]},"region_attributes":{"card":"moderation"}}],"file_attributes":{}},"ph1(53).jpg127780":{"filename":"ph1(53).jpg","size":127780,"regions":[{"shape_attributes":{"name":"polygon","all_points_x":[182,91,382,471],"all_points_y":[346,826,888,400]},"region_attributes":{"card":"moderation"}}],"file_attributes":{}},"ph1(55).jpg131306":{"filename":"ph1(55).jpg","size":131306,"regions":[{"shape_attributes":{"name":"polygon","all_points_x":[280,85,369,557],"all_points_y":[449,613,952,771]},"region_attributes":{"card":"fool"}}],"file_attributes":{}},"ph1(57).jpg124154":{"filename":"ph1(57).jpg","size":124154,"regions":[{"shape_attributes":{"name":"polygon","all_points_x":[206,477,432,165],"all_points_y":[473,492,966,922]},"region_attributes":{"card":"fool"}}],"file_attributes":{}},"ph1(59).jpg124742":{"filename":"ph1(59).jpg","size":124742,"regions":[{"shape_attributes":{"name":"polygon","all_points_x":[195,102,367,464],"all_points_y":[388,843,907,449]},"region_attributes":{"card":"fortune"}}],"file_attributes":{}},"ph1(60).jpg50965":{"filename":"ph1(60).jpg","size":50965,"regions":[{"shape_attributes":{"name":"polygon","all_points_x":[30,142,102,4,2],"all_points_y":[231,302,372,311,281]},"region_attributes":{"card":"hermit"}},{"shape_attributes":{"name":"polygon","all_points_x":[82,164,109,30],"all_points_y":[99,137,265,229]},"region_attributes":{"card":"hanged"}},{"shape_attributes":{"name":"polygon","all_points_x":[240,157,125,210],"all_points_y":[162,139,281,296]},"region_attributes":{"card":"fortune"}},{"shape_attributes":{"name":"polygon","all_points_x":[91,197,242,240,140],"all_points_y":[380,296,349,379,454]},"region_attributes":{"card":"fool"}}],"file_attributes":{}},"ph1(61).jpg177871":{"filename":"ph1(61).jpg","size":177871,"regions":[{"shape_attributes":{"name":"polygon","all_points_x":[25,275,322,91],"all_points_y":[278,263,663,701]},"region_attributes":{"card":"hanged"}},{"shape_attributes":{"name":"polygon","all_points_x":[396,598,602,496,273],"all_points_y":[657,595,515,193,284]},"region_attributes":{"card":"fortune"}},{"shape_attributes":{"name":"polygon","all_points_x":[473,85,91,473],"all_points_y":[689,689,913,918]},"region_attributes":{"card":"hermit"}}],"file_attributes":{}},"ph1(63).jpg121371":{"filename":"ph1(63).jpg","size":121371,"regions":[{"shape_attributes":{"name":"polygon","all_points_x":[180,449,371,104],"all_points_y":[481,538,975,935]},"region_attributes":{"card":"fortune"}}],"file_attributes":{}},"ph1(65).jpg112615":{"filename":"ph1(65).jpg","size":112615,"regions":[{"shape_attributes":{"name":"polygon","all_points_x":[108,74,524,555],"all_points_y":[530,799,856,577]},"region_attributes":{"card":"fortune"}}],"file_attributes":{}},"ph1(66).jpg34279":{"filename":"ph1(66).jpg","size":34279,"regions":[{"shape_attributes":{"name":"polygon","all_points_x":[87,47,156,197],"all_points_y":[185,360,386,209]},"region_attributes":{"card":"fortune"}}],"file_attributes":{}},"ph1(67).jpg149373":{"filename":"ph1(67).jpg","size":149373,"regions":[{"shape_attributes":{"name":"polygon","all_points_x":[8,271,271,9],"all_points_y":[441,453,890,907]},"region_attributes":{"card":"hanged"}},{"shape_attributes":{"name":"polygon","all_points_x":[307,583,596,329],"all_points_y":[384,371,822,835]},"region_attributes":{"card":"fortune"}}],"file_attributes":{}},"ph1(68).jpg34015":{"filename":"ph1(68).jpg","size":34015,"regions":[{"shape_attributes":{"name":"polygon","all_points_x":[43,46,156,153],"all_points_y":[173,361,363,176]},"region_attributes":{"card":"hanged"}}],"file_attributes":{}},"ph1(70).jpg36406":{"filename":"ph1(70).jpg","size":36406,"regions":[{"shape_attributes":{"name":"polygon","all_points_x":[92,198,102,5],"all_points_y":[157,220,380,324]},"region_attributes":{"card":"hanged"}}],"file_attributes":{}},"ph1(72).jpg50211":{"filename":"ph1(72).jpg","size":50211,"regions":[{"shape_attributes":{"name":"polygon","all_points_x":[14,123,137,143,137,4],"all_points_y":[268,261,261,209,178,191]},"region_attributes":{"card":"hanged"}},{"shape_attributes":{"name":"polygon","all_points_x":[150,235,218,137],"all_points_y":[132,140,284,272]},"region_attributes":{"card":"justice"}},{"shape_attributes":{"name":"polygon","all_points_x":[2,122,145,123,19,6],"all_points_y":[290,261,343,350,379,337]},"region_attributes":{"card":"fool"}},{"shape_attributes":{"name":"polygon","all_points_x":[97,162,239,242,182,143,145,124],"all_points_y":[389,443,343,326,279,325,344,355]},"region_attributes":{"card":"moderation"}}],"file_attributes":{}},"ph1(73).jpg192740":{"filename":"ph1(73).jpg","size":192740,"regions":[{"shape_attributes":{"name":"polygon","all_points_x":[369,337,553,574],"all_points_y":[324,668,699,348]},"region_attributes":{"card":"justice"}},{"shape_attributes":{"name":"polygon","all_points_x":[329,350,337,21,11],"all_points_y":[428,540,638,682,468]},"region_attributes":{"card":"hanged"}},{"shape_attributes":{"name":"polygon","all_points_x":[352,297,-2,8,26],"all_points_y":[850,649,721,835,928]},"region_attributes":{"card":"fool"}},{"shape_attributes":{"name":"polygon","all_points_x":[233,407,600,598,445,349,354,294],"all_points_y":[956,1091,850,801,682,802,855,874]},"region_attributes":{"card":"moderation"}}],"file_attributes":{}},"ph1(74).jpg47693":{"filename":"ph1(74).jpg","size":47693,"regions":[{"shape_attributes":{"name":"polygon","all_points_x":[22,129,116,15],"all_points_y":[250,266,439,430]},"region_attributes":{"card":"hanged"}},{"shape_attributes":{"name":"polygon","all_points_x":[12,117,153,48],"all_points_y":[240,262,86,62]},"region_attributes":{"card":"justice"}},{"shape_attributes":{"name":"polygon","all_points_x":[236,131,136,243],"all_points_y":[173,180,359,347]},"region_attributes":{"card":"moderation"}}],"file_attributes":{}},"ph1(75).jpg113817":{"filename":"ph1(75).jpg","size":113817,"regions":[{"shape_attributes":{"name":"polygon","all_points_x":[100,382,261,0],"all_points_y":[214,293,723,665]},"region_attributes":{"card":"justice"}},{"shape_attributes":{"name":"polygon","all_points_x":[577,307,299,577],"all_points_y":[519,521,977,975]},"region_attributes":{"card":"moderation"}}],"file_attributes":{}},"ph1(76).jpg44374":{"filename":"ph1(76).jpg","size":44374,"regions":[{"shape_attributes":{"name":"polygon","all_points_x":[39,15,205,224],"all_points_y":[108,225,260,146]},"region_attributes":{"card":"justice"}},{"shape_attributes":{"name":"polygon","all_points_x":[38,9,193,220],"all_points_y":[266,386,424,313]},"region_attributes":{"card":"moderation"}}],"file_attributes":{}},"ph1(77).jpg192924":{"filename":"ph1(77).jpg","size":192924,"regions":[{"shape_attributes":{"name":"polygon","all_points_x":[28,85,581,536],"all_points_y":[201,513,418,119]},"region_attributes":{"card":"moderation"}},{"shape_attributes":{"name":"polygon","all_points_x":[6,502,502,13],"all_points_y":[517,511,790,812]},"region_attributes":{"card":"fortune"}},{"shape_attributes":{"name":"polygon","all_points_x":[17,23,507,504],"all_points_y":[824,1100,1106,816]},"region_attributes":{"card":"fool"}}],"file_attributes":{}},"ph1(78).jpg36472":{"filename":"ph1(78).jpg","size":36472,"regions":[{"shape_attributes":{"name":"polygon","all_points_x":[36,18,212,232],"all_points_y":[183,304,332,215]},"region_attributes":{"card":"justice"}}],"file_attributes":{}},"ph1(79).jpg132660":{"filename":"ph1(79).jpg","size":132660,"regions":[{"shape_attributes":{"name":"polygon","all_points_x":[131,526,403,19],"all_points_y":[248,341,1026,939]},"region_attributes":{"card":"justice"}}],"file_attributes":{}},"ph1(80).jpg37549":{"filename":"ph1(80).jpg","size":37549,"regions":[{"shape_attributes":{"name":"polygon","all_points_x":[85,30,149,209],"all_points_y":[145,344,379,180]},"region_attributes":{"card":"justice"}}],"file_attributes":{}},"ph1(82).jpg35567":{"filename":"ph1(82).jpg","size":35567,"regions":[{"shape_attributes":{"name":"polygon","all_points_x":[20,33,242,232],"all_points_y":[332,203,229,352]},"region_attributes":{"card":"justice"}}],"file_attributes":{}},"ph1(83).jpg174504":{"filename":"ph1(83).jpg","size":174504,"regions":[{"shape_attributes":{"name":"polygon","all_points_x":[19,269,593,356],"all_points_y":[494,1074,913,369]},"region_attributes":{"card":"fortune"}}],"file_attributes":{}},"ph1(84).jpg41134":{"filename":"ph1(84).jpg","size":41134,"regions":[{"shape_attributes":{"name":"polygon","all_points_x":[3,139,240,244,122,3],"all_points_y":[340,136,207,282,457,383]},"region_attributes":{"card":"hermit"}}],"file_attributes":{}},"ph1(85).jpg128336":{"filename":"ph1(85).jpg","size":128336,"regions":[{"shape_attributes":{"name":"polygon","all_points_x":[201,129,443,509],"all_points_y":[305,831,873,346]},"region_attributes":{"card":"justice"}}],"file_attributes":{}},"ph1(86).jpg42283":{"filename":"ph1(86).jpg","size":42283,"regions":[{"shape_attributes":{"name":"polygon","all_points_x":[106,0,5,146,239,243],"all_points_y":[140,379,392,449,230,196]},"region_attributes":{"card":"moderation"}}],"file_attributes":{}},"ph1(87).jpg134682":{"filename":"ph1(87).jpg","size":134682,"regions":[{"shape_attributes":{"name":"polygon","all_points_x":[104,45,553,593],"all_points_y":[471,771,860,540]},"region_attributes":{"card":"moderation"}}],"file_attributes":{}},"ph1(88).jpg43592":{"filename":"ph1(88).jpg","size":43592,"regions":[{"shape_attributes":{"name":"polygon","all_points_x":[97,14,153,240],"all_points_y":[123,363,417,176]},"region_attributes":{"card":"fool"}}],"file_attributes":{}},"ph1(89).jpg168803":{"filename":"ph1(89).jpg","size":168803,"regions":[{"shape_attributes":{"name":"polygon","all_points_x":[15,231,216,8],"all_points_y":[326,339,699,685]},"region_attributes":{"card":"moderation"}},{"shape_attributes":{"name":"polygon","all_points_x":[233,595,579,227],"all_points_y":[392,388,600,612]},"region_attributes":{"card":"fortune"}},{"shape_attributes":{"name":"polygon","all_points_x":[239,237,595,587],"all_points_y":[629,837,827,604]},"region_attributes":{"card":"justice"}},{"shape_attributes":{"name":"polygon","all_points_x":[23,240,206,6],"all_points_y":[699,710,1062,1053]},"region_attributes":{"card":"fool"}},{"shape_attributes":{"name":"polygon","all_points_x":[559,577,225,206],"all_points_y":[1096,879,843,1068]},"region_attributes":{"card":"hanged"}}],"file_attributes":{}},"ph1(91).jpg179234":{"filename":"ph1(91).jpg","size":179234,"regions":[{"shape_attributes":{"name":"polygon","all_points_x":[19,225,223,27],"all_points_y":[312,311,648,642]},"region_attributes":{"card":"fortune"}},{"shape_attributes":{"name":"polygon","all_points_x":[4,199,189,0],"all_points_y":[986,990,648,642]},"region_attributes":{"card":"hanged"}},{"shape_attributes":{"name":"polygon","all_points_x":[254,596,598,250],"all_points_y":[328,316,519,528]},"region_attributes":{"card":"fool"}},{"shape_attributes":{"name":"polygon","all_points_x":[250,252,591,596,246],"all_points_y":[540,540,534,738,740]},"region_attributes":{"card":"moderation"}},{"shape_attributes":{"name":"polygon","all_points_x":[254,256,600,598],"all_points_y":[945,744,740,950]},"region_attributes":{"card":"hermit"}}],"file_attributes":{}},"ph1(94).jpg50142":{"filename":"ph1(94).jpg","size":50142,"regions":[{"shape_attributes":{"name":"polygon","all_points_x":[56,69,192,233,229],"all_points_y":[122,229,213,161,105]},"region_attributes":{"card":"hanged"}},{"shape_attributes":{"name":"polygon","all_points_x":[106,112,278,275],"all_points_y":[2,102,95,0]},"region_attributes":{"card":"moderation"}},{"shape_attributes":{"name":"polygon","all_points_x":[445,452,391,326,282,274],"all_points_y":[2,101,107,49,96,12]},"region_attributes":{"card":"justice"}},{"shape_attributes":{"name":"polygon","all_points_x":[240,242,410,409],"all_points_y":[241,152,149,241]},"region_attributes":{"card":"fool"}}],"file_attributes":{}},"ph1(95).jpg179438":{"filename":"ph1(95).jpg","size":179438,"regions":[{"shape_attributes":{"name":"polygon","all_points_x":[189,233,531,577,634,606],"all_points_y":[76,324,277,217,145,24]},"region_attributes":{"card":"hanged"}},{"shape_attributes":{"name":"polygon","all_points_x":[655,653,1068,1058],"all_points_y":[125,368,356,112]},"region_attributes":{"card":"fool"}},{"shape_attributes":{"name":"polygon","all_points_x":[179,237,290,635,592,536],"all_points_y":[382,600,600,509,332,285]},"region_attributes":{"card":"hermit"}},{"shape_attributes":{"name":"polygon","all_points_x":[632,691,904,1096,1035,860],"all_points_y":[454,602,604,514,357,359]},"region_attributes":{"card":"fortune"}}],"file_attributes":{}},"ph1(96).jpg49917":{"filename":"ph1(96).jpg","size":49917,"regions":[{"shape_attributes":{"name":"polygon","all_points_x":[202,183,347,365],"all_points_y":[74,176,202,104]},"region_attributes":{"card":"moderation"}},{"shape_attributes":{"name":"polygon","all_points_x":[93,105,192,202,279,266],"all_points_y":[23,124,118,72,81,0]},"region_attributes":{"card":"fool"}},{"shape_attributes":{"name":"polygon","all_points_x":[285,454,443,362,367,275],"all_points_y":[26,50,153,142,103,85]},"region_attributes":{"card":"justice"}},{"shape_attributes":{"name":"polygon","all_points_x":[80,69,188,182,238,235],"all_points_y":[236,141,131,177,186,230]},"region_attributes":{"card":"hanged"}}],"file_attributes":{}},"ph1(97).jpg144535":{"filename":"ph1(97).jpg","size":144535,"regions":[{"shape_attributes":{"name":"polygon","all_points_x":[197,181,600,616],"all_points_y":[295,555,575,308]},"region_attributes":{"card":"hanged"}},{"shape_attributes":{"name":"polygon","all_points_x":[237,279,705,666],"all_points_y":[58,315,263,5]},"region_attributes":{"card":"fool"}},{"shape_attributes":{"name":"polygon","all_points_x":[716,686,1114,1139],"all_points_y":[68,320,368,117]},"region_attributes":{"card":"justice"}}],"file_attributes":{}},"ph1(99).jpg166680":{"filename":"ph1(99).jpg","size":166680,"regions":[{"shape_attributes":{"name":"polygon","all_points_x":[151,185,448,437],"all_points_y":[131,573,564,111]},"region_attributes":{"card":"hanged"}},{"shape_attributes":{"name":"polygon","all_points_x":[541,552,998,985],"all_points_y":[59,328,317,42]},"region_attributes":{"card":"justice"}}],"file_attributes":{}},"ph1(100).jpg45233":{"filename":"ph1(100).jpg","size":45233,"regions":[{"shape_attributes":{"name":"polygon","all_points_x":[58,59,170,177],"all_points_y":[33,224,226,40]},"region_attributes":{"card":"hanged"}},{"shape_attributes":{"name":"polygon","all_points_x":[216,216,400,402],"all_points_y":[15,126,127,14]},"region_attributes":{"card":"justice"}}],"file_attributes":{}},"ph1(101).jpg44964":{"filename":"ph1(101).jpg","size":44964,"regions":[{"shape_attributes":{"name":"polygon","all_points_x":[38,42,163,155],"all_points_y":[33,226,229,27]},"region_attributes":{"card":"hanged"}},{"shape_attributes":{"name":"polygon","all_points_x":[203,199,404,399],"all_points_y":[11,124,129,10]},"region_attributes":{"card":"justice"}}],"file_attributes":{}},"ph1(102).jpg131379":{"filename":"ph1(102).jpg","size":131379,"regions":[{"shape_attributes":{"name":"polygon","all_points_x":[438,396,638,875,917],"all_points_y":[28,317,351,346,99]},"region_attributes":{"card":"moderation"}}],"file_attributes":{}},"ph1(103).jpg43482":{"filename":"ph1(103).jpg","size":43482,"regions":[{"shape_attributes":{"name":"polygon","all_points_x":[28,30,153,143],"all_points_y":[20,217,223,22]},"region_attributes":{"card":"hermit"}},{"shape_attributes":{"name":"polygon","all_points_x":[188,188,379,387],"all_points_y":[243,134,135,241]},"region_attributes":{"card":"fortune"}}],"file_attributes":{}},"ph1(104).jpg116471":{"filename":"ph1(104).jpg","size":116471,"regions":[{"shape_attributes":{"name":"polygon","all_points_x":[277,614,675,326],"all_points_y":[455,475,71,27]},"region_attributes":{"card":"justice"}}],"file_attributes":{}},"ph1(106).jpg111604":{"filename":"ph1(106).jpg","size":111604,"regions":[{"shape_attributes":{"name":"polygon","all_points_x":[660,1036,988,613],"all_points_y":[42,57,544,505]},"region_attributes":{"card":"hanged"}}],"file_attributes":{}},"ph1(108).jpg133784":{"filename":"ph1(108).jpg","size":133784,"regions":[{"shape_attributes":{"name":"polygon","all_points_x":[444,431,799,811],"all_points_y":[2,275,261,3]},"region_attributes":{"card":"moderation"}}],"file_attributes":{}},"ph1(110).jpg133263":{"filename":"ph1(110).jpg","size":133263,"regions":[{"shape_attributes":{"name":"polygon","all_points_x":[560,844,861,456],"all_points_y":[140,109,512,521]},"region_attributes":{"card":"hermit"}}],"file_attributes":{}},"ph1(111).jpg43290":{"filename":"ph1(111).jpg","size":43290,"regions":[{"shape_attributes":{"name":"polygon","all_points_x":[87,228,230,86],"all_points_y":[31,34,209,205]},"region_attributes":{"card":"moderation"}}],"file_attributes":{}},"ph1(112).jpg125782":{"filename":"ph1(112).jpg","size":125782,"regions":[{"shape_attributes":{"name":"polygon","all_points_x":[660,1009,979,677],"all_points_y":[145,147,582,565]},"region_attributes":{"card":"moderation"}}],"file_attributes":{}},"ph1(115).jpg39740":{"filename":"ph1(115).jpg","size":39740,"regions":[{"shape_attributes":{"name":"polygon","all_points_x":[247,397,392,260],"all_points_y":[42,34,211,212]},"region_attributes":{"card":"hanged"}}],"file_attributes":{}},"ph1(116).jpg149220":{"filename":"ph1(116).jpg","size":149220,"regions":[{"shape_attributes":{"name":"polygon","all_points_x":[352,380,954,947,395,368],"all_points_y":[199,548,509,297,358,199]},"region_attributes":{"card":"fool"}}],"file_attributes":{}},"ph1(117).jpg46125":{"filename":"ph1(117).jpg","size":46125,"regions":[{"shape_attributes":{"name":"polygon","all_points_x":[125,123,398,406],"all_points_y":[2,85,81,15]},"region_attributes":{"card":"fortune"}}],"file_attributes":{}},"ph1(119).jpg38759":{"filename":"ph1(119).jpg","size":38759,"regions":[{"shape_attributes":{"name":"polygon","all_points_x":[153,154,404,404],"all_points_y":[19,106,114,13]},"region_attributes":{"card":"hermit"}}],"file_attributes":{}},"ph1(120).jpg117873":{"filename":"ph1(120).jpg","size":117873,"regions":[{"shape_attributes":{"name":"polygon","all_points_x":[383,364,931,936,395,396],"all_points_y":[187,523,550,368,348,189]},"region_attributes":{"card":"hanged"}}],"file_attributes":{}},"ph1(121).jpg37138":{"filename":"ph1(121).jpg","size":37138,"regions":[{"shape_attributes":{"name":"polygon","all_points_x":[134,136,407,405],"all_points_y":[15,83,74,15]},"region_attributes":{"card":"justice"}}],"file_attributes":{}}}